Workbook

Sheet Registro de riesgos
A1: Registro de riesgos – WellQ App Exámenes Médicos
A2: Seleccione probabilidad e impacto en las columnas E y F; el nivel se calcula automáticamente según la matriz.
A4: ID | B4: Riesgo | C4: Categoría | D4: Causa | E4: Probabilidad | F4: Impacto | G4: Nivel de riesgo | H4: Medida de mitigación | I4: Responsable | J4: Revisión
A5: R1 | B5: Cambios en los requerimientos: necesidad de modificar o ajustar requerimientos ya definidos durante el desarrollo | C5: Alcance | D5: Comunicación limitada con la empresa que entregó el caso y ajustes solicitados durante el proyecto | E5: Posible | F5: Moderado | G5: =IFERROR(INDEX(Criterios!$C$15:$G$19,MATCH(E5,Criterios!$B$15:$B$19,0),MATCH(F5,Criterios!$C$14:$G$14,0)),"") -> Medio | H5: Documentar los supuestos en el documento de requerimientos y validar cualquier cambio con el docente. | I5: Carina Torres | J5: S1 a S10
A6: R2 | B6: Problemas de integración: dificultades para integrar la plataforma web, el backend y la base de datos | C6: Técnico | D6: Componentes desarrollados en paralelo por distintos integrantes | E6: Muy probable | F6: Moderado | G6: =IFERROR(INDEX(Criterios!$C$15:$G$19,MATCH(E6,Criterios!$B$15:$B$19,0),MATCH(F6,Criterios!$C$14:$G$14,0)),"") -> Alto | H6: Integración progresiva y pruebas de integración tempranas entre los componentes. | I6: Renato González | J6: S8 a S11
A7: R3 | B7: Integridad de los datos: inconsistencias o errores al almacenar y gestionar la información de los exámenes | C7: Datos | D7: Validaciones o restricciones insuficientes en el modelo de datos | E7: Poco probable | F7: Mayor | G7: =IFERROR(INDEX(Criterios!$C$15:$G$19,MATCH(E7,Criterios!$B$15:$B$19,0),MATCH(F7,Criterios!$C$14:$G$14,0)),"") -> Medio | H7: Definir restricciones y relaciones en PostgreSQL, validar los datos en Django REST Framework y probar las operaciones sobre la base de datos. | I7: Marcelo Baeza | J7: S8 a S12
A8: R4 | B8: Seguridad de la información: vulnerabilidades en la autenticación, el control de acceso o la protección de la documentación médica | C8: Seguridad | D8: Errores en la implementación de autenticación y autorización | E8: Poco probable | F8: Catastrófico | G8: =IFERROR(INDEX(Criterios!$C$15:$G$19,MATCH(E8,Criterios!$B$15:$B$19,0),MATCH(F8,Criterios!$C$14:$G$14,0)),"") -> Alto | H8: Pruebas de seguridad específicas y revisión del control de acceso antes del cierre. | I8: Renato González | J8: S9 a S13
A9: R5 | B9: Validación de documentos: almacenar archivos que no cumplan las validaciones del sistema | C9: Calidad | D9: Reglas de validación de archivos (tipo y tamaño) incompletas o mal aplicadas | E9: Posible | F9: Moderado | G9: =IFERROR(INDEX(Criterios!$C$15:$G$19,MATCH(E9,Criterios!$B$15:$B$19,0),MATCH(F9,Criterios!$C$14:$G$14,0)),"") -> Medio | H9: Validar el tipo y el tamaño de los archivos en el backend antes de almacenarlos, y probar con archivos no permitidos. | I9: Renato González | J9: S9 a S13
A10: R6 | B10: Errores de compatibilidad: inconvenientes al integrar los distintos componentes tecnológicos | C10: Técnico | D10: Diferencias de versiones de librerías y herramientas entre los equipos de los integrantes | E10: Posible | F10: Menor | G10: =IFERROR(INDEX(Criterios!$C$15:$G$19,MATCH(E10,Criterios!$B$15:$B$19,0),MATCH(F10,Criterios!$C$14:$G$14,0)),"") -> Medio | H10: Fijar las versiones de las dependencias del proyecto y usar un entorno de desarrollo común para todo el equipo. | I10: Renato González | J10: S5 a S11
A11: R7 | B11: Retrasos en el desarrollo: las pruebas y validaciones dependen de que las funcionalidades principales estén implementadas | C11: Cronograma | D11: Estimaciones optimistas o funcionalidades que se terminan después de lo planificado | E11: Posible | F11: Mayor | G11: =IFERROR(INDEX(Criterios!$C$15:$G$19,MATCH(E11,Criterios!$B$15:$B$19,0),MATCH(F11,Criterios!$C$14:$G$14,0)),"") -> Alto | H11: Seguimiento semanal del avance según la carta Gantt y redistribución de tareas. | I11: Carina Torres | J11: Semanal (S5 a S15)
A12: R8 | B12: Amplitud del alcance: un alcance excesivo que aumente la complejidad y los tiempos de desarrollo | C12: Alcance | D12: Incorporación de funcionalidades no acordadas con el docente | E12: Posible | F12: Mayor | G12: =IFERROR(INDEX(Criterios!$C$15:$G$19,MATCH(E12,Criterios!$B$15:$B$19,0),MATCH(F12,Criterios!$C$14:$G$14,0)),"") -> Alto | H12: Mantener el alcance acordado (solo panel web) y evaluar cualquier cambio antes de incorporarlo. | I12: Carina Torres | J12: Semanal

Sheet Matriz de riesgos
B1: Matriz de riesgos
C2: IMPACTO O CONSECUENCIAS
B3: ⚠ | C3: INSIGNIFICANTE | D3: MENOR | E3: MODERADO | F3: MAYOR | G3: CATASTRÓFICO
A4: PROBABILIDAD DE QUE OCURRA | B4: CASI SEGURO | C4: =UPPER(Criterios!C15)&CHAR(10)&TRIM(IF(AND('Registro de riesgos'!$E$5=Criterios!$B$15,'Registro de riesgos'!$F$5=Criterios!C$14)," "&'Registro de riesgos'!$A$5,"")&IF(AND('Registro de riesgos'!$E$6=Criterios!$B$15,'Registro de riesgos'!$F$6=Criterios!C$14)," "&'Registro de riesgos'!$A$6,"")&IF(AND('Registro de riesgos'!$E$7=Criterios!$B$15,'Registro de riesgos'!$F$7=Criterios!C$14)," "&'Registro de riesgos'!$A$7,"")&IF(AND('Registro de riesgos'!$E$8=Criterios!$B$15,'Registro de riesgos'!$F$8=Criterios!C$14)," "&'Registro de riesgos'!$A$8,"")&IF(AND('Registro de riesgos'!$E$9=Criterios!$B$15,'Registro de riesgos'!$F$9=Criterios!C$14)," "&'Registro de riesgos'!$A$9,"")&IF(AND('Registro de riesgos'!$E$10=Criterios!$B$15,'Registro de riesgos'!$F$10=Criterios!C$14)," "&'Registro de riesgos'!$A$10,"")&IF(AND('Registro de riesgos'!$E$11=Criterios!$B$15,'Registro de riesgos'!$F$11=Criterios!C$14)," "&'Registro de riesgos'!$A$11,"")&IF(AND('Registro de riesgos'!$E$12=Criterios!$B$15,'Registro de riesgos'!$F$12=Criterios!C$14)," "&'Registro de riesgos'!$A$12,"")) -> MEDIO | D4: =UPPER(Criterios!D15)&CHAR(10)&TRIM(IF(AND('Registro de riesgos'!$E$5=Criterios!$B$15,'Registro de riesgos'!$F$5=Criterios!D$14)," "&'Registro de riesgos'!$A$5,"")&IF(AND('Registro de riesgos'!$E$6=Criterios!$B$15,'Registro de riesgos'!$F$6=Criterios!D$14)," "&'Registro de riesgos'!$A$6,"")&IF(AND('Registro de riesgos'!$E$7=Criterios!$B$15,'Registro de riesgos'!$F$7=Criterios!D$14)," "&'Registro de riesgos'!$A$7,"")&IF(AND('Registro de riesgos'!$E$8=Criterios!$B$15,'Registro de riesgos'!$F$8=Criterios!D$14)," "&'Registro de riesgos'!$A$8,"")&IF(AND('Registro de riesgos'!$E$9=Criterios!$B$15,'Registro de riesgos'!$F$9=Criterios!D$14)," "&'Registro de riesgos'!$A$9,"")&IF(AND('Registro de riesgos'!$E$10=Criterios!$B$15,'Registro de riesgos'!$F$10=Criterios!D$14)," "&'Registro de riesgos'!$A$10,"")&IF(AND('Registro de riesgos'!$E$11=Criterios!$B$15,'Registro de riesgos'!$F$11=Criterios!D$14)," "&'Registro de riesgos'!$A$11,"")&IF(AND('Registro de riesgos'!$E$12=Criterios!$B$15,'Registro de riesgos'!$F$12=Criterios!D$14)," "&'Registro de riesgos'!$A$12,"")) -> MEDIO | E4: =UPPER(Criterios!E15)&CHAR(10)&TRIM(IF(AND('Registro de riesgos'!$E$5=Criterios!$B$15,'Registro de riesgos'!$F$5=Criterios!E$14)," "&'Registro de riesgos'!$A$5,"")&IF(AND('Registro de riesgos'!$E$6=Criterios!$B$15,'Registro de riesgos'!$F$6=Criterios!E$14)," "&'Registro de riesgos'!$A$6,"")&IF(AND('Registro de riesgos'!$E$7=Criterios!$B$15,'Registro de riesgos'!$F$7=Criterios!E$14)," "&'Registro de riesgos'!$A$7,"")&IF(AND('Registro de riesgos'!$E$8=Criterios!$B$15,'Registro de riesgos'!$F$8=Criterios!E$14)," "&'Registro de riesgos'!$A$8,"")&IF(AND('Registro de riesgos'!$E$9=Criterios!$B$15,'Registro de riesgos'!$F$9=Criterios!E$14)," "&'Registro de riesgos'!$A$9,"")&IF(AND('Registro de riesgos'!$E$10=Criterios!$B$15,'Registro de riesgos'!$F$10=Criterios!E$14)," "&'Registro de riesgos'!$A$10,"")&IF(AND('Registro de riesgos'!$E$11=Criterios!$B$15,'Registro de riesgos'!$F$11=Criterios!E$14)," "&'Registro de riesgos'!$A$11,"")&IF(AND('Registro de riesgos'!$E$12=Criterios!$B$15,'Registro de riesgos'!$F$12=Criterios!E$14)," "&'Registro de riesgos'!$A$12,"")) -> ALTO | F4: =UPPER(Criterios!F15)&CHAR(10)&TRIM(IF(AND('Registro de riesgos'!$E$5=Criterios!$B$15,'Registro de riesgos'!$F$5=Criterios!F$14)," "&'Registro de riesgos'!$A$5,"")&IF(AND('Registro de riesgos'!$E$6=Criterios!$B$15,'Registro de riesgos'!$F$6=Criterios!F$14)," "&'Registro de riesgos'!$A$6,"")&IF(AND('Registro de riesgos'!$E$7=Criterios!$B$15,'Registro de riesgos'!$F$7=Criterios!F$14)," "&'Registro de riesgos'!$A$7,"")&IF(AND('Registro de riesgos'!$E$8=Criterios!$B$15,'Registro de riesgos'!$F$8=Criterios!F$14)," "&'Registro de riesgos'!$A$8,"")&IF(AND('Registro de riesgos'!$E$9=Criterios!$B$15,'Registro de riesgos'!$F$9=Criterios!F$14)," "&'Registro de riesgos'!$A$9,"")&IF(AND('Registro de riesgos'!$E$10=Criterios!$B$15,'Registro de riesgos'!$F$10=Criterios!F$14)," "&'Registro de riesgos'!$A$10,"")&IF(AND('Registro de riesgos'!$E$11=Criterios!$B$15,'Registro de riesgos'!$F$11=Criterios!F$14)," "&'Registro de riesgos'!$A$11,"")&IF(AND('Registro de riesgos'!$E$12=Criterios!$B$15,'Registro de riesgos'!$F$12=Criterios!F$14)," "&'Registro de riesgos'!$A$12,"")) -> MUY ALTO | G4: =UPPER(Criterios!G15)&CHAR(10)&TRIM(IF(AND('Registro de riesgos'!$E$5=Criterios!$B$15,'Registro de riesgos'!$F$5=Criterios!G$14)," "&'Registro de riesgos'!$A$5,"")&IF(AND('Registro de riesgos'!$E$6=Criterios!$B$15,'Registro de riesgos'!$F$6=Criterios!G$14)," "&'Registro de riesgos'!$A$6,"")&IF(AND('Registro de riesgos'!$E$7=Criterios!$B$15,'Registro de riesgos'!$F$7=Criterios!G$14)," "&'Registro de riesgos'!$A$7,"")&IF(AND('Registro de riesgos'!$E$8=Criterios!$B$15,'Registro de riesgos'!$F$8=Criterios!G$14)," "&'Registro de riesgos'!$A$8,"")&IF(AND('Registro de riesgos'!$E$9=Criterios!$B$15,'Registro de riesgos'!$F$9=Criterios!G$14)," "&'Registro de riesgos'!$A$9,"")&IF(AND('Registro de riesgos'!$E$10=Criterios!$B$15,'Registro de riesgos'!$F$10=Criterios!G$14)," "&'Registro de riesgos'!$A$10,"")&IF(AND('Registro de riesgos'!$E$11=Criterios!$B$15,'Registro de riesgos'!$F$11=Criterios!G$14)," "&'Registro de riesgos'!$A$11,"")&IF(AND('Registro de riesgos'!$E$12=Criterios!$B$15,'Registro de riesgos'!$F$12=Criterios!G$14)," "&'Registro de riesgos'!$A$12,"")) -> MUY ALTO
B5: MUY PROBABLE | C5: =UPPER(Criterios!C16)&CHAR(10)&TRIM(IF(AND('Registro de riesgos'!$E$5=Criterios!$B$16,'Registro de riesgos'!$F$5=Criterios!C$14)," "&'Registro de riesgos'!$A$5,"")&IF(AND('Registro de riesgos'!$E$6=Criterios!$B$16,'Registro de riesgos'!$F$6=Criterios!C$14)," "&'Registro de riesgos'!$A$6,"")&IF(AND('Registro de riesgos'!$E$7=Criterios!$B$16,'Registro de riesgos'!$F$7=Criterios!C$14)," "&'Registro de riesgos'!$A$7,"")&IF(AND('Registro de riesgos'!$E$8=Criterios!$B$16,'Registro de riesgos'!$F$8=Criterios!C$14)," "&'Registro de riesgos'!$A$8,"")&IF(AND('Registro de riesgos'!$E$9=Criterios!$B$16,'Registro de riesgos'!$F$9=Criterios!C$14)," "&'Registro de riesgos'!$A$9,"")&IF(AND('Registro de riesgos'!$E$10=Criterios!$B$16,'Registro de riesgos'!$F$10=Criterios!C$14)," "&'Registro de riesgos'!$A$10,"")&IF(AND('Registro de riesgos'!$E$11=Criterios!$B$16,'Registro de riesgos'!$F$11=Criterios!C$14)," "&'Registro de riesgos'!$A$11,"")&IF(AND('Registro de riesgos'!$E$12=Criterios!$B$16,'Registro de riesgos'!$F$12=Criterios!C$14)," "&'Registro de riesgos'!$A$12,"")) -> MEDIO | D5: =UPPER(Criterios!D16)&CHAR(10)&TRIM(IF(AND('Registro de riesgos'!$E$5=Criterios!$B$16,'Registro de riesgos'!$F$5=Criterios!D$14)," "&'Registro de riesgos'!$A$5,"")&IF(AND('Registro de riesgos'!$E$6=Criterios!$B$16,'Registro de riesgos'!$F$6=Criterios!D$14)," "&'Registro de riesgos'!$A$6,"")&IF(AND('Registro de riesgos'!$E$7=Criterios!$B$16,'Registro de riesgos'!$F$7=Criterios!D$14)," "&'Registro de riesgos'!$A$7,"")&IF(AND('Registro de riesgos'!$E$8=Criterios!$B$16,'Registro de riesgos'!$F$8=Criterios!D$14)," "&'Registro de riesgos'!$A$8,"")&IF(AND('Registro de riesgos'!$E$9=Criterios!$B$16,'Registro de riesgos'!$F$9=Criterios!D$14)," "&'Registro de riesgos'!$A$9,"")&IF(AND('Registro de riesgos'!$E$10=Criterios!$B$16,'Registro de riesgos'!$F$10=Criterios!D$14)," "&'Registro de riesgos'!$A$10,"")&IF(AND('Registro de riesgos'!$E$11=Criterios!$B$16,'Registro de riesgos'!$F$11=Criterios!D$14)," "&'Registro de riesgos'!$A$11,"")&IF(AND('Registro de riesgos'!$E$12=Criterios!$B$16,'Registro de riesgos'!$F$12=Criterios!D$14)," "&'Registro de riesgos'!$A$12,"")) -> MEDIO | E5: =UPPER(Criterios!E16)&CHAR(10)&TRIM(IF(AND('Registro de riesgos'!$E$5=Criterios!$B$16,'Registro de riesgos'!$F$5=Criterios!E$14)," "&'Registro de riesgos'!$A$5,"")&IF(AND('Registro de riesgos'!$E$6=Criterios!$B$16,'Registro de riesgos'!$F$6=Criterios!E$14)," "&'Registro de riesgos'!$A$6,"")&IF(AND('Registro de riesgos'!$E$7=Criterios!$B$16,'Registro de riesgos'!$F$7=Criterios!E$14)," "&'Registro de riesgos'!$A$7,"")&IF(AND('Registro de riesgos'!$E$8=Criterios!$B$16,'Registro de riesgos'!$F$8=Criterios!E$14)," "&'Registro de riesgos'!$A$8,"")&IF(AND('Registro de riesgos'!$E$9=Criterios!$B$16,'Registro de riesgos'!$F$9=Criterios!E$14)," "&'Registro de riesgos'!$A$9,"")&IF(AND('Registro de riesgos'!$E$10=Criterios!$B$16,'Registro de riesgos'!$F$10=Criterios!E$14)," "&'Registro de riesgos'!$A$10,"")&IF(AND('Registro de riesgos'!$E$11=Criterios!$B$16,'Registro de riesgos'!$F$11=Criterios!E$14)," "&'Registro de riesgos'!$A$11,"")&IF(AND('Registro de riesgos'!$E$12=Criterios!$B$16,'Registro de riesgos'!$F$12=Criterios!E$14)," "&'Registro de riesgos'!$A$12,"")) -> ALTO R2 | F5: =UPPER(Criterios!F16)&CHAR(10)&TRIM(IF(AND('Registro de riesgos'!$E$5=Criterios!$B$16,'Registro de riesgos'!$F$5=Criterios!F$14)," "&'Registro de riesgos'!$A$5,"")&IF(AND('Registro de riesgos'!$E$6=Criterios!$B$16,'Registro de riesgos'!$F$6=Criterios!F$14)," "&'Registro de riesgos'!$A$6,"")&IF(AND('Registro de riesgos'!$E$7=Criterios!$B$16,'Registro de riesgos'!$F$7=Criterios!F$14)," "&'Registro de riesgos'!$A$7,"")&IF(AND('Registro de riesgos'!$E$8=Criterios!$B$16,'Registro de riesgos'!$F$8=Criterios!F$14)," "&'Registro de riesgos'!$A$8,"")&IF(AND('Registro de riesgos'!$E$9=Criterios!$B$16,'Registro de riesgos'!$F$9=Criterios!F$14)," "&'Registro de riesgos'!$A$9,"")&IF(AND('Registro de riesgos'!$E$10=Criterios!$B$16,'Registro de riesgos'!$F$10=Criterios!F$14)," "&'Registro de riesgos'!$A$10,"")&IF(AND('Registro de riesgos'!$E$11=Criterios!$B$16,'Registro de riesgos'!$F$11=Criterios!F$14)," "&'Registro de riesgos'!$A$11,"")&IF(AND('Registro de riesgos'!$E$12=Criterios!$B$16,'Registro de riesgos'!$F$12=Criterios!F$14)," "&'Registro de riesgos'!$A$12,"")) -> ALTO | G5: =UPPER(Criterios!G16)&CHAR(10)&TRIM(IF(AND('Registro de riesgos'!$E$5=Criterios!$B$16,'Registro de riesgos'!$F$5=Criterios!G$14)," "&'Registro de riesgos'!$A$5,"")&IF(AND('Registro de riesgos'!$E$6=Criterios!$B$16,'Registro de riesgos'!$F$6=Criterios!G$14)," "&'Registro de riesgos'!$A$6,"")&IF(AND('Registro de riesgos'!$E$7=Criterios!$B$16,'Registro de riesgos'!$F$7=Criterios!G$14)," "&'Registro de riesgos'!$A$7,"")&IF(AND('Registro de riesgos'!$E$8=Criterios!$B$16,'Registro de riesgos'!$F$8=Criterios!G$14)," "&'Registro de riesgos'!$A$8,"")&IF(AND('Registro de riesgos'!$E$9=Criterios!$B$16,'Registro de riesgos'!$F$9=Criterios!G$14)," "&'Registro de riesgos'!$A$9,"")&IF(AND('Registro de riesgos'!$E$10=Criterios!$B$16,'Registro de riesgos'!$F$10=Criterios!G$14)," "&'Registro de riesgos'!$A$10,"")&IF(AND('Registro de riesgos'!$E$11=Criterios!$B$16,'Registro de riesgos'!$F$11=Criterios!G$14)," "&'Registro de riesgos'!$A$11,"")&IF(AND('Registro de riesgos'!$E$12=Criterios!$B$16,'Registro de riesgos'!$F$12=Criterios!G$14)," "&'Registro de riesgos'!$A$12,"")) -> MUY ALTO
B6: POSIBLE | C6: =UPPER(Criterios!C17)&CHAR(10)&TRIM(IF(AND('Registro de riesgos'!$E$5=Criterios!$B$17,'Registro de riesgos'!$F$5=Criterios!C$14)," "&'Registro de riesgos'!$A$5,"")&IF(AND('Registro de riesgos'!$E$6=Criterios!$B$17,'Registro de riesgos'!$F$6=Criterios!C$14)," "&'Registro de riesgos'!$A$6,"")&IF(AND('Registro de riesgos'!$E$7=Criterios!$B$17,'Registro de riesgos'!$F$7=Criterios!C$14)," "&'Registro de riesgos'!$A$7,"")&IF(AND('Registro de riesgos'!$E$8=Criterios!$B$17,'Registro de riesgos'!$F$8=Criterios!C$14)," "&'Registro de riesgos'!$A$8,"")&IF(AND('Registro de riesgos'!$E$9=Criterios!$B$17,'Registro de riesgos'!$F$9=Criterios!C$14)," "&'Registro de riesgos'!$A$9,"")&IF(AND('Registro de riesgos'!$E$10=Criterios!$B$17,'Registro de riesgos'!$F$10=Criterios!C$14)," "&'Registro de riesgos'!$A$10,"")&IF(AND('Registro de riesgos'!$E$11=Criterios!$B$17,'Registro de riesgos'!$F$11=Criterios!C$14)," "&'Registro de riesgos'!$A$11,"")&IF(AND('Registro de riesgos'!$E$12=Criterios!$B$17,'Registro de riesgos'!$F$12=Criterios!C$14)," "&'Registro de riesgos'!$A$12,"")) -> BAJO | D6: =UPPER(Criterios!D17)&CHAR(10)&TRIM(IF(AND('Registro de riesgos'!$E$5=Criterios!$B$17,'Registro de riesgos'!$F$5=Criterios!D$14)," "&'Registro de riesgos'!$A$5,"")&IF(AND('Registro de riesgos'!$E$6=Criterios!$B$17,'Registro de riesgos'!$F$6=Criterios!D$14)," "&'Registro de riesgos'!$A$6,"")&IF(AND('Registro de riesgos'!$E$7=Criterios!$B$17,'Registro de riesgos'!$F$7=Criterios!D$14)," "&'Registro de riesgos'!$A$7,"")&IF(AND('Registro de riesgos'!$E$8=Criterios!$B$17,'Registro de riesgos'!$F$8=Criterios!D$14)," "&'Registro de riesgos'!$A$8,"")&IF(AND('Registro de riesgos'!$E$9=Criterios!$B$17,'Registro de riesgos'!$F$9=Criterios!D$14)," "&'Registro de riesgos'!$A$9,"")&IF(AND('Registro de riesgos'!$E$10=Criterios!$B$17,'Registro de riesgos'!$F$10=Criterios!D$14)," "&'Registro de riesgos'!$A$10,"")&IF(AND('Registro de riesgos'!$E$11=Criterios!$B$17,'Registro de riesgos'!$F$11=Criterios!D$14)," "&'Registro de riesgos'!$A$11,"")&IF(AND('Registro de riesgos'!$E$12=Criterios!$B$17,'Registro de riesgos'!$F$12=Criterios!D$14)," "&'Registro de riesgos'!$A$12,"")) -> MEDIO R6 | E6: =UPPER(Criterios!E17)&CHAR(10)&TRIM(IF(AND('Registro de riesgos'!$E$5=Criterios!$B$17,'Registro de riesgos'!$F$5=Criterios!E$14)," "&'Registro de riesgos'!$A$5,"")&IF(AND('Registro de riesgos'!$E$6=Criterios!$B$17,'Registro de riesgos'!$F$6=Criterios!E$14)," "&'Registro de riesgos'!$A$6,"")&IF(AND('Registro de riesgos'!$E$7=Criterios!$B$17,'Registro de riesgos'!$F$7=Criterios!E$14)," "&'Registro de riesgos'!$A$7,"")&IF(AND('Registro de riesgos'!$E$8=Criterios!$B$17,'Registro de riesgos'!$F$8=Criterios!E$14)," "&'Registro de riesgos'!$A$8,"")&IF(AND('Registro de riesgos'!$E$9=Criterios!$B$17,'Registro de riesgos'!$F$9=Criterios!E$14)," "&'Registro de riesgos'!$A$9,"")&IF(AND('Registro de riesgos'!$E$10=Criterios!$B$17,'Registro de riesgos'!$F$10=Criterios!E$14)," "&'Registro de riesgos'!$A$10,"")&IF(AND('Registro de riesgos'!$E$11=Criterios!$B$17,'Registro de riesgos'!$F$11=Criterios!E$14)," "&'Registro de riesgos'!$A$11,"")&IF(AND('Registro de riesgos'!$E$12=Criterios!$B$17,'Registro de riesgos'!$F$12=Criterios!E$14)," "&'Registro de riesgos'!$A$12,"")) -> MEDIO R1 R5 | F6: =UPPER(Criterios!F17)&CHAR(10)&TRIM(IF(AND('Registro de riesgos'!$E$5=Criterios!$B$17,'Registro de riesgos'!$F$5=Criterios!F$14)," "&'Registro de riesgos'!$A$5,"")&IF(AND('Registro de riesgos'!$E$6=Criterios!$B$17,'Registro de riesgos'!$F$6=Criterios!F$14)," "&'Registro de riesgos'!$A$6,"")&IF(AND('Registro de riesgos'!$E$7=Criterios!$B$17,'Registro de riesgos'!$F$7=Criterios!F$14)," "&'Registro de riesgos'!$A$7,"")&IF(AND('Registro de riesgos'!$E$8=Criterios!$B$17,'Registro de riesgos'!$F$8=Criterios!F$14)," "&'Registro de riesgos'!$A$8,"")&IF(AND('Registro de riesgos'!$E$9=Criterios!$B$17,'Registro de riesgos'!$F$9=Criterios!F$14)," "&'Registro de riesgos'!$A$9,"")&IF(AND('Registro de riesgos'!$E$10=Criterios!$B$17,'Registro de riesgos'!$F$10=Criterios!F$14)," "&'Registro de riesgos'!$A$10,"")&IF(AND('Registro de riesgos'!$E$11=Criterios!$B$17,'Registro de riesgos'!$F$11=Criterios!F$14)," "&'Registro de riesgos'!$A$11,"")&IF(AND('Registro de riesgos'!$E$12=Criterios!$B$17,'Registro de riesgos'!$F$12=Criterios!F$14)," "&'Registro de riesgos'!$A$12,"")) -> ALTO R7 R8 | G6: =UPPER(Criterios!G17)&CHAR(10)&TRIM(IF(AND('Registro de riesgos'!$E$5=Criterios!$B$17,'Registro de riesgos'!$F$5=Criterios!G$14)," "&'Registro de riesgos'!$A$5,"")&IF(AND('Registro de riesgos'!$E$6=Criterios!$B$17,'Registro de riesgos'!$F$6=Criterios!G$14)," "&'Registro de riesgos'!$A$6,"")&IF(AND('Registro de riesgos'!$E$7=Criterios!$B$17,'Registro de riesgos'!$F$7=Criterios!G$14)," "&'Registro de riesgos'!$A$7,"")&IF(AND('Registro de riesgos'!$E$8=Criterios!$B$17,'Registro de riesgos'!$F$8=Criterios!G$14)," "&'Registro de riesgos'!$A$8,"")&IF(AND('Registro de riesgos'!$E$9=Criterios!$B$17,'Registro de riesgos'!$F$9=Criterios!G$14)," "&'Registro de riesgos'!$A$9,"")&IF(AND('Registro de riesgos'!$E$10=Criterios!$B$17,'Registro de riesgos'!$F$10=Criterios!G$14)," "&'Registro de riesgos'!$A$10,"")&IF(AND('Registro de riesgos'!$E$11=Criterios!$B$17,'Registro de riesgos'!$F$11=Criterios!G$14)," "&'Registro de riesgos'!$A$11,"")&IF(AND('Registro de riesgos'!$E$12=Criterios!$B$17,'Registro de riesgos'!$F$12=Criterios!G$14)," "&'Registro de riesgos'!$A$12,"")) -> ALTO
B7: POCO PROBABLE | C7: =UPPER(Criterios!C18)&CHAR(10)&TRIM(IF(AND('Registro de riesgos'!$E$5=Criterios!$B$18,'Registro de riesgos'!$F$5=Criterios!C$14)," "&'Registro de riesgos'!$A$5,"")&IF(AND('Registro de riesgos'!$E$6=Criterios!$B$18,'Registro de riesgos'!$F$6=Criterios!C$14)," "&'Registro de riesgos'!$A$6,"")&IF(AND('Registro de riesgos'!$E$7=Criterios!$B$18,'Registro de riesgos'!$F$7=Criterios!C$14)," "&'Registro de riesgos'!$A$7,"")&IF(AND('Registro de riesgos'!$E$8=Criterios!$B$18,'Registro de riesgos'!$F$8=Criterios!C$14)," "&'Registro de riesgos'!$A$8,"")&IF(AND('Registro de riesgos'!$E$9=Criterios!$B$18,'Registro de riesgos'!$F$9=Criterios!C$14)," "&'Registro de riesgos'!$A$9,"")&IF(AND('Registro de riesgos'!$E$10=Criterios!$B$18,'Registro de riesgos'!$F$10=Criterios!C$14)," "&'Registro de riesgos'!$A$10,"")&IF(AND('Registro de riesgos'!$E$11=Criterios!$B$18,'Registro de riesgos'!$F$11=Criterios!C$14)," "&'Registro de riesgos'!$A$11,"")&IF(AND('Registro de riesgos'!$E$12=Criterios!$B$18,'Registro de riesgos'!$F$12=Criterios!C$14)," "&'Registro de riesgos'!$A$12,"")) -> BAJO | D7: =UPPER(Criterios!D18)&CHAR(10)&TRIM(IF(AND('Registro de riesgos'!$E$5=Criterios!$B$18,'Registro de riesgos'!$F$5=Criterios!D$14)," "&'Registro de riesgos'!$A$5,"")&IF(AND('Registro de riesgos'!$E$6=Criterios!$B$18,'Registro de riesgos'!$F$6=Criterios!D$14)," "&'Registro de riesgos'!$A$6,"")&IF(AND('Registro de riesgos'!$E$7=Criterios!$B$18,'Registro de riesgos'!$F$7=Criterios!D$14)," "&'Registro de riesgos'!$A$7,"")&IF(AND('Registro de riesgos'!$E$8=Criterios!$B$18,'Registro de riesgos'!$F$8=Criterios!D$14)," "&'Registro de riesgos'!$A$8,"")&IF(AND('Registro de riesgos'!$E$9=Criterios!$B$18,'Registro de riesgos'!$F$9=Criterios!D$14)," "&'Registro de riesgos'!$A$9,"")&IF(AND('Registro de riesgos'!$E$10=Criterios!$B$18,'Registro de riesgos'!$F$10=Criterios!D$14)," "&'Registro de riesgos'!$A$10,"")&IF(AND('Registro de riesgos'!$E$11=Criterios!$B$18,'Registro de riesgos'!$F$11=Criterios!D$14)," "&'Registro de riesgos'!$A$11,"")&IF(AND('Registro de riesgos'!$E$12=Criterios!$B$18,'Registro de riesgos'!$F$12=Criterios!D$14)," "&'Registro de riesgos'!$A$12,"")) -> BAJO | E7: =UPPER(Criterios!E18)&CHAR(10)&TRIM(IF(AND('Registro de riesgos'!$E$5=Criterios!$B$18,'Registro de riesgos'!$F$5=Criterios!E$14)," "&'Registro de riesgos'!$A$5,"")&IF(AND('Registro de riesgos'!$E$6=Criterios!$B$18,'Registro de riesgos'!$F$6=Criterios!E$14)," "&'Registro de riesgos'!$A$6,"")&IF(AND('Registro de riesgos'!$E$7=Criterios!$B$18,'Registro de riesgos'!$F$7=Criterios!E$14)," "&'Registro de riesgos'!$A$7,"")&IF(AND('Registro de riesgos'!$E$8=Criterios!$B$18,'Registro de riesgos'!$F$8=Criterios!E$14)," "&'Registro de riesgos'!$A$8,"")&IF(AND('Registro de riesgos'!$E$9=Criterios!$B$18,'Registro de riesgos'!$F$9=Criterios!E$14)," "&'Registro de riesgos'!$A$9,"")&IF(AND('Registro de riesgos'!$E$10=Criterios!$B$18,'Registro de riesgos'!$F$10=Criterios!E$14)," "&'Registro de riesgos'!$A$10,"")&IF(AND('Registro de riesgos'!$E$11=Criterios!$B$18,'Registro de riesgos'!$F$11=Criterios!E$14)," "&'Registro de riesgos'!$A$11,"")&IF(AND('Registro de riesgos'!$E$12=Criterios!$B$18,'Registro de riesgos'!$F$12=Criterios!E$14)," "&'Registro de riesgos'!$A$12,"")) -> MEDIO | F7: =UPPER(Criterios!F18)&CHAR(10)&TRIM(IF(AND('Registro de riesgos'!$E$5=Criterios!$B$18,'Registro de riesgos'!$F$5=Criterios!F$14)," "&'Registro de riesgos'!$A$5,"")&IF(AND('Registro de riesgos'!$E$6=Criterios!$B$18,'Registro de riesgos'!$F$6=Criterios!F$14)," "&'Registro de riesgos'!$A$6,"")&IF(AND('Registro de riesgos'!$E$7=Criterios!$B$18,'Registro de riesgos'!$F$7=Criterios!F$14)," "&'Registro de riesgos'!$A$7,"")&IF(AND('Registro de riesgos'!$E$8=Criterios!$B$18,'Registro de riesgos'!$F$8=Criterios!F$14)," "&'Registro de riesgos'!$A$8,"")&IF(AND('Registro de riesgos'!$E$9=Criterios!$B$18,'Registro de riesgos'!$F$9=Criterios!F$14)," "&'Registro de riesgos'!$A$9,"")&IF(AND('Registro de riesgos'!$E$10=Criterios!$B$18,'Registro de riesgos'!$F$10=Criterios!F$14)," "&'Registro de riesgos'!$A$10,"")&IF(AND('Registro de riesgos'!$E$11=Criterios!$B$18,'Registro de riesgos'!$F$11=Criterios!F$14)," "&'Registro de riesgos'!$A$11,"")&IF(AND('Registro de riesgos'!$E$12=Criterios!$B$18,'Registro de riesgos'!$F$12=Criterios!F$14)," "&'Registro de riesgos'!$A$12,"")) -> MEDIO R3 | G7: =UPPER(Criterios!G18)&CHAR(10)&TRIM(IF(AND('Registro de riesgos'!$E$5=Criterios!$B$18,'Registro de riesgos'!$F$5=Criterios!G$14)," "&'Registro de riesgos'!$A$5,"")&IF(AND('Registro de riesgos'!$E$6=Criterios!$B$18,'Registro de riesgos'!$F$6=Criterios!G$14)," "&'Registro de riesgos'!$A$6,"")&IF(AND('Registro de riesgos'!$E$7=Criterios!$B$18,'Registro de riesgos'!$F$7=Criterios!G$14)," "&'Registro de riesgos'!$A$7,"")&IF(AND('Registro de riesgos'!$E$8=Criterios!$B$18,'Registro de riesgos'!$F$8=Criterios!G$14)," "&'Registro de riesgos'!$A$8,"")&IF(AND('Registro de riesgos'!$E$9=Criterios!$B$18,'Registro de riesgos'!$F$9=Criterios!G$14)," "&'Registro de riesgos'!$A$9,"")&IF(AND('Registro de riesgos'!$E$10=Criterios!$B$18,'Registro de riesgos'!$F$10=Criterios!G$14)," "&'Registro de riesgos'!$A$10,"")&IF(AND('Registro de riesgos'!$E$11=Criterios!$B$18,'Registro de riesgos'!$F$11=Criterios!G$14)," "&'Registro de riesgos'!$A$11,"")&IF(AND('Registro de riesgos'!$E$12=Criterios!$B$18,'Registro de riesgos'!$F$12=Criterios!G$14)," "&'Registro de riesgos'!$A$12,"")) -> ALTO R4
B8: RARO | C8: =UPPER(Criterios!C19)&CHAR(10)&TRIM(IF(AND('Registro de riesgos'!$E$5=Criterios!$B$19,'Registro de riesgos'!$F$5=Criterios!C$14)," "&'Registro de riesgos'!$A$5,"")&IF(AND('Registro de riesgos'!$E$6=Criterios!$B$19,'Registro de riesgos'!$F$6=Criterios!C$14)," "&'Registro de riesgos'!$A$6,"")&IF(AND('Registro de riesgos'!$E$7=Criterios!$B$19,'Registro de riesgos'!$F$7=Criterios!C$14)," "&'Registro de riesgos'!$A$7,"")&IF(AND('Registro de riesgos'!$E$8=Criterios!$B$19,'Registro de riesgos'!$F$8=Criterios!C$14)," "&'Registro de riesgos'!$A$8,"")&IF(AND('Registro de riesgos'!$E$9=Criterios!$B$19,'Registro de riesgos'!$F$9=Criterios!C$14)," "&'Registro de riesgos'!$A$9,"")&IF(AND('Registro de riesgos'!$E$10=Criterios!$B$19,'Registro de riesgos'!$F$10=Criterios!C$14)," "&'Registro de riesgos'!$A$10,"")&IF(AND('Registro de riesgos'!$E$11=Criterios!$B$19,'Registro de riesgos'!$F$11=Criterios!C$14)," "&'Registro de riesgos'!$A$11,"")&IF(AND('Registro de riesgos'!$E$12=Criterios!$B$19,'Registro de riesgos'!$F$12=Criterios!C$14)," "&'Registro de riesgos'!$A$12,"")) -> BAJO | D8: =UPPER(Criterios!D19)&CHAR(10)&TRIM(IF(AND('Registro de riesgos'!$E$5=Criterios!$B$19,'Registro de riesgos'!$F$5=Criterios!D$14)," "&'Registro de riesgos'!$A$5,"")&IF(AND('Registro de riesgos'!$E$6=Criterios!$B$19,'Registro de riesgos'!$F$6=Criterios!D$14)," "&'Registro de riesgos'!$A$6,"")&IF(AND('Registro de riesgos'!$E$7=Criterios!$B$19,'Registro de riesgos'!$F$7=Criterios!D$14)," "&'Registro de riesgos'!$A$7,"")&IF(AND('Registro de riesgos'!$E$8=Criterios!$B$19,'Registro de riesgos'!$F$8=Criterios!D$14)," "&'Registro de riesgos'!$A$8,"")&IF(AND('Registro de riesgos'!$E$9=Criterios!$B$19,'Registro de riesgos'!$F$9=Criterios!D$14)," "&'Registro de riesgos'!$A$9,"")&IF(AND('Registro de riesgos'!$E$10=Criterios!$B$19,'Registro de riesgos'!$F$10=Criterios!D$14)," "&'Registro de riesgos'!$A$10,"")&IF(AND('Registro de riesgos'!$E$11=Criterios!$B$19,'Registro de riesgos'!$F$11=Criterios!D$14)," "&'Registro de riesgos'!$A$11,"")&IF(AND('Registro de riesgos'!$E$12=Criterios!$B$19,'Registro de riesgos'!$F$12=Criterios!D$14)," "&'Registro de riesgos'!$A$12,"")) -> BAJO | E8: =UPPER(Criterios!E19)&CHAR(10)&TRIM(IF(AND('Registro de riesgos'!$E$5=Criterios!$B$19,'Registro de riesgos'!$F$5=Criterios!E$14)," "&'Registro de riesgos'!$A$5,"")&IF(AND('Registro de riesgos'!$E$6=Criterios!$B$19,'Registro de riesgos'!$F$6=Criterios!E$14)," "&'Registro de riesgos'!$A$6,"")&IF(AND('Registro de riesgos'!$E$7=Criterios!$B$19,'Registro de riesgos'!$F$7=Criterios!E$14)," "&'Registro de riesgos'!$A$7,"")&IF(AND('Registro de riesgos'!$E$8=Criterios!$B$19,'Registro de riesgos'!$F$8=Criterios!E$14)," "&'Registro de riesgos'!$A$8,"")&IF(AND('Registro de riesgos'!$E$9=Criterios!$B$19,'Registro de riesgos'!$F$9=Criterios!E$14)," "&'Registro de riesgos'!$A$9,"")&IF(AND('Registro de riesgos'!$E$10=Criterios!$B$19,'Registro de riesgos'!$F$10=Criterios!E$14)," "&'Registro de riesgos'!$A$10,"")&IF(AND('Registro de riesgos'!$E$11=Criterios!$B$19,'Registro de riesgos'!$F$11=Criterios!E$14)," "&'Registro de riesgos'!$A$11,"")&IF(AND('Registro de riesgos'!$E$12=Criterios!$B$19,'Registro de riesgos'!$F$12=Criterios!E$14)," "&'Registro de riesgos'!$A$12,"")) -> MEDIO | F8: =UPPER(Criterios!F19)&CHAR(10)&TRIM(IF(AND('Registro de riesgos'!$E$5=Criterios!$B$19,'Registro de riesgos'!$F$5=Criterios!F$14)," "&'Registro de riesgos'!$A$5,"")&IF(AND('Registro de riesgos'!$E$6=Criterios!$B$19,'Registro de riesgos'!$F$6=Criterios!F$14)," "&'Registro de riesgos'!$A$6,"")&IF(AND('Registro de riesgos'!$E$7=Criterios!$B$19,'Registro de riesgos'!$F$7=Criterios!F$14)," "&'Registro de riesgos'!$A$7,"")&IF(AND('Registro de riesgos'!$E$8=Criterios!$B$19,'Registro de riesgos'!$F$8=Criterios!F$14)," "&'Registro de riesgos'!$A$8,"")&IF(AND('Registro de riesgos'!$E$9=Criterios!$B$19,'Registro de riesgos'!$F$9=Criterios!F$14)," "&'Registro de riesgos'!$A$9,"")&IF(AND('Registro de riesgos'!$E$10=Criterios!$B$19,'Registro de riesgos'!$F$10=Criterios!F$14)," "&'Registro de riesgos'!$A$10,"")&IF(AND('Registro de riesgos'!$E$11=Criterios!$B$19,'Registro de riesgos'!$F$11=Criterios!F$14)," "&'Registro de riesgos'!$A$11,"")&IF(AND('Registro de riesgos'!$E$12=Criterios!$B$19,'Registro de riesgos'!$F$12=Criterios!F$14)," "&'Registro de riesgos'!$A$12,"")) -> MEDIO | G8: =UPPER(Criterios!G19)&CHAR(10)&TRIM(IF(AND('Registro de riesgos'!$E$5=Criterios!$B$19,'Registro de riesgos'!$F$5=Criterios!G$14)," "&'Registro de riesgos'!$A$5,"")&IF(AND('Registro de riesgos'!$E$6=Criterios!$B$19,'Registro de riesgos'!$F$6=Criterios!G$14)," "&'Registro de riesgos'!$A$6,"")&IF(AND('Registro de riesgos'!$E$7=Criterios!$B$19,'Registro de riesgos'!$F$7=Criterios!G$14)," "&'Registro de riesgos'!$A$7,"")&IF(AND('Registro de riesgos'!$E$8=Criterios!$B$19,'Registro de riesgos'!$F$8=Criterios!G$14)," "&'Registro de riesgos'!$A$8,"")&IF(AND('Registro de riesgos'!$E$9=Criterios!$B$19,'Registro de riesgos'!$F$9=Criterios!G$14)," "&'Registro de riesgos'!$A$9,"")&IF(AND('Registro de riesgos'!$E$10=Criterios!$B$19,'Registro de riesgos'!$F$10=Criterios!G$14)," "&'Registro de riesgos'!$A$10,"")&IF(AND('Registro de riesgos'!$E$11=Criterios!$B$19,'Registro de riesgos'!$F$11=Criterios!G$14)," "&'Registro de riesgos'!$A$11,"")&IF(AND('Registro de riesgos'!$E$12=Criterios!$B$19,'Registro de riesgos'!$F$12=Criterios!G$14)," "&'Registro de riesgos'!$A$12,"")) -> MEDIO
B10: En cada celda aparece el nivel y los riesgos (R1 a R8) ubicados en ella según el registro.

Sheet Criterios
A1: Criterios de evaluación
A3: Probabilidad | C3: Descripción | I3: Impacto | J3: Descripción
A4: Casi seguro | C4: Ocurrirá casi con certeza durante el proyecto. | I4: Insignificante | J4: Sin efecto visible en plazos ni en la calidad.
A5: Muy probable | C5: Es muy probable que ocurra en algún momento. | I5: Menor | J5: Retraso de días; se resuelve dentro del equipo.
A6: Posible | C6: Puede ocurrir; hay señales de que podría pasar. | I6: Moderado | J6: Retraso de hasta 1 semana o una funcionalidad parcial.
A7: Poco probable | C7: Es poco probable, pero no se puede descartar. | I7: Mayor | J7: Retraso de más de 1 semana o una funcionalidad crítica afectada.
A8: Raro | C8: Solo ocurriría en circunstancias excepcionales. | I8: Catastrófico | J8: Pone en riesgo la entrega, la aprobación o expone información médica.
A12: Tabla de niveles (base del cálculo)
B14: Probabilidad / Impacto | C14: Insignificante | D14: Menor | E14: Moderado | F14: Mayor | G14: Catastrófico
B15: Casi seguro | C15: Medio | D15: Medio | E15: Alto | F15: Muy alto | G15: Muy alto
B16: Muy probable | C16: Medio | D16: Medio | E16: Alto | F16: Alto | G16: Muy alto
B17: Posible | C17: Bajo | D17: Medio | E17: Medio | F17: Alto | G17: Alto
B18: Poco probable | C18: Bajo | D18: Bajo | E18: Medio | F18: Medio | G18: Alto
B19: Raro | C19: Bajo | D19: Bajo | E19: Medio | F19: Medio | G19: Medio
